Workbook

Sheet OECD
A1: iso | B1: location | C1: OECD | D1: G7
A2: AUS | B2: Australia | C2: 1 | D2: =IFERROR(VLOOKUP(A2,'G7'!$A$1:$C$8,3,FALSE),0) -> 0
A3: AUT | B3: Austria | C3: 1 | D3: =IFERROR(VLOOKUP(A3,'G7'!$A$1:$C$8,3,FALSE),0) -> 0
A4: BEL | B4: Belgium | C4: 1 | D4: =IFERROR(VLOOKUP(A4,'G7'!$A$1:$C$8,3,FALSE),0) -> 0
A5: CAN | B5: Canada | C5: 1 | D5: =IFERROR(VLOOKUP(A5,'G7'!$A$1:$C$8,3,FALSE),0) -> 1
A6: CHE | B6: Switzerland | C6: 1 | D6: =IFERROR(VLOOKUP(A6,'G7'!$A$1:$C$8,3,FALSE),0) -> 0
A7: CHL | B7: Chile | C7: 1 | D7: =IFERROR(VLOOKUP(A7,'G7'!$A$1:$C$8,3,FALSE),0) -> 0
A8: CZE | B8: Czechia | C8: 1 | D8: =IFERROR(VLOOKUP(A8,'G7'!$A$1:$C$8,3,FALSE),0) -> 0
A9: DEU | B9: Germany | C9: 1 | D9: =IFERROR(VLOOKUP(A9,'G7'!$A$1:$C$8,3,FALSE),0) -> 1
A10: DNK | B10: Denmark | C10: 1 | D10: =IFERROR(VLOOKUP(A10,'G7'!$A$1:$C$8,3,FALSE),0) -> 0
A11: ESP | B11: Spain | C11: 1 | D11: =IFERROR(VLOOKUP(A11,'G7'!$A$1:$C$8,3,FALSE),0) -> 0
A12: FIN | B12: Finland | C12: 1 | D12: =IFERROR(VLOOKUP(A12,'G7'!$A$1:$C$8,3,FALSE),0) -> 0
A13: FRA | B13: France | C13: 1 | D13: =IFERROR(VLOOKUP(A13,'G7'!$A$1:$C$8,3,FALSE),0) -> 1
... A39: LTU | B39: Lithuania | C39: 1 | D39: =IFERROR(VLOOKUP(A39,'G7'!$A$1:$C$8,3,FALSE),0) -> 0

Sheet G7
A1: iso_code | B1: location | C1: G'
A2: CAN | B2: Canada | C2: 1
A3: DEU | B3: Germany | C3: 1
A4: FRA | B4: France | C4: 1
A5: GBR | B5: United Kingdom | C5: 1
A6: ITA | B6: Italy | C6: 1
A7: JPN | B7: Japan | C7: 1
A8: USA | B8: United States | C8: 1
